Instance Name,Nominal Voltage,Internal Power,Switch Power,Leakage Power,Total Power
u_get1hz.u_counter.u_reg.dout_$_SDFF_PP0__Q_29,1.25,3.655e-06,0.000e+00,1.366e-07,3.791e-06
u_get1hz.u_counter.u_reg.dout_$_SDFF_PP0__Q_30,1.25,3.650e-06,0.000e+00,1.367e-07,3.787e-06
u_get1hz.u_counter.u_reg.dout_$_SDFF_PP0__Q_28,1.25,3.600e-06,0.000e+00,1.365e-07,3.737e-06
u_get1hz.u_counter.u_reg.dout_$_SDFF_PP0__Q_27,1.25,3.541e-06,0.000e+00,1.364e-07,3.677e-06
u_get1hz.u_counter.u_reg.dout_$_SDFF_PP0__Q_26,1.25,3.498e-06,0.000e+00,1.364e-07,3.635e-06
u_get1hz.u_counter.u_reg.dout_$_SDFF_PP0__Q_25,1.25,3.467e-06,0.000e+00,1.364e-07,3.603e-06
u_get1hz.u_counter.u_reg.dout_$_SDFF_PP0__Q_24,1.25,3.446e-06,0.000e+00,1.363e-07,3.582e-06
u_get1hz.u_counter.u_reg.dout_$_SDFF_PP0__Q_23,1.25,3.439e-06,0.000e+00,1.363e-07,3.576e-06
u_get1hz.u_counter.u_reg.dout_$_SDFF_PP0__Q_22,1.25,3.427e-06,0.000e+00,1.363e-07,3.564e-06
u_get1hz.u_counter.u_reg.dout_$_SDFF_PP0__Q_20,1.25,3.425e-06,0.000e+00,1.363e-07,3.562e-06
u_get1hz.u_counter.u_reg.dout_$_SDFF_PP0__Q_9,1.25,3.425e-06,0.000e+00,1.363e-07,3.561e-06
u_get1hz.u_counter.u_reg.dout_$_SDFF_PP0__Q_8,1.25,3.425e-06,0.000e+00,1.363e-07,3.561e-06
u_get1hz.u_counter.u_reg.dout_$_SDFF_PP0__Q_4,1.25,3.425e-06,0.000e+00,1.363e-07,3.561e-06
u_get1hz.u_counter.u_reg.dout_$_SDFF_PP0__Q_21,1.25,3.423e-06,0.000e+00,1.363e-07,3.560e-06
u_get1hz.u_counter.u_reg.dout_$_SDFF_PP0__Q_12,1.25,3.423e-06,0.000e+00,1.363e-07,3.559e-06
u_get1hz.u_counter.u_reg.dout_$_SDFF_PP0__Q_6,1.25,3.421e-06,0.000e+00,1.363e-07,3.557e-06
u_get1hz.u_counter.u_reg.dout_$_SDFF_PP0__Q,1.25,3.421e-06,0.000e+00,1.363e-07,3.557e-06
u_get1hz.u_counter.u_reg.dout_$_SDFF_PP0__Q_17,1.25,3.420e-06,0.000e+00,1.363e-07,3.556e-06
u_get1hz.u_counter.u_reg.dout_$_SDFF_PP0__Q_14,1.25,3.420e-06,0.000e+00,1.363e-07,3.556e-06
u_get1hz.u_counter.u_reg.dout_$_SDFF_PP0__Q_2,1.25,3.420e-06,0.000e+00,1.363e-07,3.556e-06
u_get1hz.u_counter.u_reg.dout_$_SDFF_PP0__Q_10,1.25,3.420e-06,0.000e+00,1.363e-07,3.556e-06
u_get1hz.u_counter.u_reg.dout_$_SDFF_PP0__Q_1,1.25,3.420e-06,0.000e+00,1.363e-07,3.556e-06
u_get1hz.u_counter.u_reg.dout_$_SDFF_PP0__Q_19,1.25,3.419e-06,0.000e+00,1.363e-07,3.555e-06
u_get1hz.u_counter.u_reg.dout_$_SDFF_PP0__Q_11,1.25,3.418e-06,0.000e+00,1.363e-07,3.555e-06
u_get1hz.u_counter.u_reg.dout_$_SDFF_PP0__Q_18,1.25,3.418e-06,0.000e+00,1.363e-07,3.554e-06
u_get1hz.u_counter.u_reg.dout_$_SDFF_PP0__Q_7,1.25,3.418e-06,0.000e+00,1.363e-07,3.554e-06
u_get1hz.u_counter.u_reg.dout_$_SDFF_PP0__Q_5,1.25,3.418e-06,0.000e+00,1.363e-07,3.554e-06
u_get1hz.u_counter.u_reg.dout_$_SDFF_PP0__Q_16,1.25,3.417e-06,0.000e+00,1.363e-07,3.554e-06
u_get1hz.u_counter.u_reg.dout_$_SDFF_PP0__Q_15,1.25,3.417e-06,0.000e+00,1.363e-07,3.554e-06
u_get1hz.u_counter.u_reg.dout_$_SDFF_PP0__Q_13,1.25,3.417e-06,0.000e+00,1.363e-07,3.554e-06
u_get1hz.u_counter.u_reg.dout_$_SDFF_PP0__Q_3,1.25,3.417e-06,0.000e+00,1.363e-07,3.554e-06
u_reg_find_edge.dout_$_SDFF_PP0__Q_1,1.25,3.347e-06,0.000e+00,1.384e-07,3.485e-06
u_reg_find_edge.dout_$_SDFF_PP0__Q_4,1.25,3.347e-06,0.000e+00,1.384e-07,3.485e-06
u_reg_find_edge.dout_$_SDFF_PP0__Q_2,1.25,3.316e-06,0.000e+00,1.363e-07,3.452e-06
u_reg_find_edge.dout_$_SDFF_PP0__Q_3,1.25,3.316e-06,0.000e+00,1.363e-07,3.452e-06
u_reg_find_edge.dout_$_SDFF_PP0__Q,1.25,3.310e-06,0.000e+00,1.363e-07,3.446e-06
_1053_,1.25,2.690e-06,0.000e+00,3.601e-07,3.051e-06
_0886_,1.25,2.687e-06,0.000e+00,3.601e-07,3.047e-06
fanout_buf_1,1.25,2.358e-06,0.000e+00,6.364e-07,2.994e-06
u_get1hz.u_counter.u_reg.dout_$_SDFF_PP0__Q_31,1.25,2.886e-06,0.000e+00,1.016e-07,2.988e-06
_1535_,1.25,2.774e-06,0.000e+00,1.320e-07,2.906e-06
_1538_,1.25,2.774e-06,0.000e+00,1.320e-07,2.906e-06
_1537_,1.25,2.774e-06,0.000e+00,1.320e-07,2.906e-06
_1531_,1.25,2.774e-06,0.000e+00,1.320e-07,2.906e-06
_1533_,1.25,2.774e-06,0.000e+00,1.320e-07,2.906e-06
_1539_,1.25,2.774e-06,0.000e+00,1.320e-07,2.906e-06
_1541_,1.25,2.774e-06,0.000e+00,1.320e-07,2.906e-06
_1540_,1.25,2.774e-06,0.000e+00,1.320e-07,2.906e-06
_1530_,1.25,2.772e-06,0.000e+00,1.320e-07,2.904e-06
_1529_,1.25,2.740e-06,0.000e+00,1.320e-07,2.872e-06
_1534_,1.25,2.739e-06,0.000e+00,1.320e-07,2.871e-06
_1532_,1.25,2.739e-06,0.000e+00,1.320e-07,2.871e-06
_0985_,1.25,2.735e-06,0.000e+00,1.161e-07,2.851e-06
_1536_,1.25,2.699e-06,0.000e+00,1.320e-07,2.831e-06
_1028_,1.25,2.712e-06,0.000e+00,1.163e-07,2.828e-06
_1245_,1.25,2.364e-06,0.000e+00,4.539e-07,2.818e-06
_1274_,1.25,2.355e-06,0.000e+00,4.539e-07,2.809e-06
_1528_,1.25,2.643e-06,0.000e+00,1.320e-07,2.775e-06
_1284_,1.25,2.316e-06,0.000e+00,4.360e-07,2.752e-06
_1041_,1.25,2.518e-06,0.000e+00,1.162e-07,2.634e-06
_0887_,1.25,2.010e-06,0.000e+00,3.600e-07,2.370e-06
_1054_,1.25,1.982e-06,0.000e+00,3.600e-07,2.342e-06
_0888_,1.25,2.116e-06,0.000e+00,9.349e-08,2.209e-06
u_counter_hour_high.u_reg.dout_$_SDFFE_PP0P__Q,1.25,1.923e-06,0.000e+00,1.363e-07,2.060e-06
u_counter_min_high.u_reg.dout_$_SDFFE_PP0P__Q,1.25,1.907e-06,0.000e+00,1.363e-07,2.043e-06
u_counter_min_high.u_reg.dout_$_SDFFE_PP0P__Q_1,1.25,1.900e-06,0.000e+00,1.363e-07,2.036e-06
genblk1[4].genblk1.i_stopwatch1.u_reg.dout_$_SDFFE_PP0P__Q_2,1.25,1.898e-06,0.000e+00,1.351e-07,2.033e-06
u_counter_sec_low.u_reg.dout_$_SDFFE_PP0P__Q_2,1.25,1.895e-06,0.000e+00,1.363e-07,2.031e-06
u_counter_sec_high.u_reg.dout_$_SDFFE_PP0P__Q,1.25,1.892e-06,0.000e+00,1.363e-07,2.029e-06
u_counter_sec_high.u_reg.dout_$_SDFFE_PP0P__Q_1,1.25,1.890e-06,0.000e+00,1.363e-07,2.026e-06
u_counter_hour_low.u_reg.dout_$_SDFFE_PP0P__Q_1,1.25,1.888e-06,0.000e+00,1.363e-07,2.024e-06
genblk1[4].genblk1.i_stopwatch1.u_reg.dout_$_SDFFE_PP0P__Q_1,1.25,1.858e-06,0.000e+00,1.353e-07,1.993e-06
_1438_,1.25,1.903e-06,0.000e+00,8.599e-08,1.989e-06
genblk1[4].genblk1.i_stopwatch1.u_reg.dout_$_SDFFE_PP0P__Q,1.25,1.845e-06,0.000e+00,1.351e-07,1.980e-06
_1006_,1.25,1.846e-06,0.000e+00,1.259e-07,1.972e-06
_1052_,1.25,1.846e-06,0.000e+00,1.260e-07,1.972e-06
u_counter_sec_low.u_reg.dout_$_SDFFE_PP0P__Q,1.25,1.809e-06,0.000e+00,1.363e-07,1.945e-06
_1034_,1.25,1.817e-06,0.000e+00,1.262e-07,1.943e-06
_1022_,1.25,1.813e-06,0.000e+00,1.262e-07,1.939e-06
u_counter_hour_low.u_reg.dout_$_SDFFE_PP0P__Q,1.25,1.799e-06,0.000e+00,1.363e-07,1.936e-06
u_counter_min_low.u_reg.dout_$_SDFFE_PP0P__Q,1.25,1.799e-06,0.000e+00,1.363e-07,1.936e-06
u_counter_sec_low.u_reg.dout_$_SDFFE_PP0P__Q_1,1.25,1.777e-06,0.000e+00,1.366e-07,1.914e-06
_0973_,1.25,1.814e-06,0.000e+00,9.383e-08,1.908e-06
u_counter_min_low.u_reg.dout_$_SDFFE_PP0P__Q_1,1.25,1.767e-06,0.000e+00,1.366e-07,1.904e-06
_1027_,1.25,1.754e-06,0.000e+00,1.392e-07,1.893e-06
u_counter_hour_low.u_reg.dout_$_SDFFE_PP0P__Q_2,1.25,1.756e-06,0.000e+00,1.367e-07,1.893e-06
u_counter_min_low.u_reg.dout_$_SDFFE_PP0P__Q_2,1.25,1.756e-06,0.000e+00,1.367e-07,1.892e-06
_1506_,1.25,1.798e-06,0.000e+00,9.306e-08,1.891e-06
_1005_,1.25,1.807e-06,0.000e+00,8.188e-08,1.889e-06
_1179_,1.25,1.570e-06,0.000e+00,3.182e-07,1.888e-06
_1051_,1.25,1.792e-06,0.000e+00,8.188e-08,1.874e-06
_1033_,1.25,1.791e-06,0.000e+00,8.188e-08,1.873e-06
_0881_,1.25,1.626e-06,0.000e+00,1.445e-07,1.770e-06
_0971_,1.25,1.663e-06,0.000e+00,9.383e-08,1.757e-06
_0849_,1.25,1.606e-06,0.000e+00,1.445e-07,1.750e-06
_0885_,1.25,1.589e-06,0.000e+00,1.445e-07,1.733e-06
_1040_,1.25,1.606e-06,0.000e+00,1.261e-07,1.732e-06
genblk1[3].genblk1.i_stopwatch1.u_reg.dout_$_SDFFE_PP0P__Q_2,1.25,1.594e-06,0.000e+00,1.346e-07,1.729e-06
_1032_,1.25,1.577e-06,0.000e+00,1.445e-07,1.722e-06
_1004_,1.25,1.577e-06,0.000e+00,1.445e-07,1.722e-06
_1050_,1.25,1.577e-06,0.000e+00,1.445e-07,1.722e-06
_1270_,1.25,1.632e-06,0.000e+00,8.658e-08,1.718e-06
genblk1[3].genblk1.i_stopwatch1.u_reg.dout_$_SDFFE_PP0P__Q,1.25,1.577e-06,0.000e+00,1.343e-07,1.711e-06
genblk1[4].genblk1.i_stopwatch1.u_reg.dout_$_SDFFE_PP0P__Q_3,1.25,1.635e-06,0.000e+00,7.191e-08,1.707e-06
_1371_,1.25,1.546e-06,0.000e+00,1.594e-07,1.706e-06
_1155_,1.25,1.250e-06,0.000e+00,4.546e-07,1.705e-06
_1180_,1.25,1.343e-06,0.000e+00,3.599e-07,1.703e-06
_1055_,1.25,1.327e-06,0.000e+00,3.599e-07,1.687e-06
_0976_,1.25,1.590e-06,0.000e+00,9.663e-08,1.686e-06
_1016_,1.25,1.588e-06,0.000e+00,8.537e-08,1.673e-06
_1263_,1.25,1.559e-06,0.000e+00,8.392e-08,1.643e-06
_0919_,1.25,1.452e-06,0.000e+00,1.801e-07,1.632e-06
u_counter_hour_high.u_reg.dout_$_SDFFE_PP0P__Q_1,1.25,1.528e-06,0.000e+00,9.998e-08,1.628e-06
u_get1000hz.u_counter.u_reg.dout_$_SDFFE_PP0P__Q_29,1.25,1.486e-06,0.000e+00,1.347e-07,1.621e-06
u_get1000hz.u_counter.u_reg.dout_$_SDFFE_PP0P__Q_30,1.25,1.485e-06,0.000e+00,1.348e-07,1.620e-06
_1474_,1.25,1.427e-06,0.000e+00,1.801e-07,1.607e-06
_1435_,1.25,1.436e-06,0.000e+00,1.594e-07,1.596e-06
_1215_,1.25,1.272e-06,0.000e+00,3.182e-07,1.590e-06
u_get1000hz.u_counter.u_reg.dout_$_SDFFE_PP0P__Q_28,1.25,1.452e-06,0.000e+00,1.346e-07,1.586e-06
_1079_,1.25,1.279e-06,0.000e+00,3.033e-07,1.582e-06
u_counter_min_high.u_reg.dout_$_SDFFE_PP0P__Q_2,1.25,1.476e-06,0.000e+00,1.011e-07,1.577e-06
_0972_,1.25,1.432e-06,0.000e+00,1.411e-07,1.573e-06
_0984_,1.25,1.426e-06,0.000e+00,1.411e-07,1.567e-06
u_counter_sec_low.u_reg.dout_$_SDFFE_PP0P__Q_3,1.25,1.465e-06,0.000e+00,1.014e-07,1.567e-06
u_counter_sec_high.u_reg.dout_$_SDFFE_PP0P__Q_2,1.25,1.455e-06,0.000e+00,1.016e-07,1.557e-06
u_counter_hour_low.u_reg.dout_$_SDFFE_PP0P__Q_3,1.25,1.453e-06,0.000e+00,1.016e-07,1.554e-06
u_get1000hz.u_counter.u_reg.dout_$_SDFFE_PP0P__Q_27,1.25,1.420e-06,0.000e+00,1.346e-07,1.554e-06
u_counter_min_low.u_reg.dout_$_SDFFE_PP0P__Q_3,1.25,1.452e-06,0.000e+00,1.016e-07,1.553e-06
u_get1000hz.u_counter.u_reg.dout_$_SDFFE_PP0P__Q_26,1.25,1.407e-06,0.000e+00,1.345e-07,1.542e-06
u_reg_tunemode.dout_$_SDFFE_PP0P__Q,1.25,1.432e-06,0.000e+00,1.016e-07,1.534e-06
u_get1000hz.u_counter.u_reg.dout_$_SDFFE_PP0P__Q_25,1.25,1.378e-06,0.000e+00,1.345e-07,1.513e-06
u_get1000hz.u_counter.u_reg.dout_$_SDFFE_PP0P__Q_24,1.25,1.372e-06,0.000e+00,1.345e-07,1.506e-06
_1303_,1.25,1.181e-06,0.000e+00,3.182e-07,1.500e-06
_1368_,1.25,1.178e-06,0.000e+00,3.182e-07,1.496e-06
u_get1000hz.u_counter.u_reg.dout_$_SDFFE_PP0P__Q_23,1.25,1.361e-06,0.000e+00,1.345e-07,1.495e-06
u_get1000hz.u_counter.u_reg.dout_$_SDFFE_PP0P__Q_22,1.25,1.360e-06,0.000e+00,1.345e-07,1.495e-06
u_get1000hz.u_counter.u_reg.dout_$_SDFFE_PP0P__Q_4,1.25,1.358e-06,0.000e+00,1.345e-07,1.493e-06
u_get1000hz.u_counter.u_reg.dout_$_SDFFE_PP0P__Q_20,1.25,1.357e-06,0.000e+00,1.345e-07,1.491e-06
u_get1000hz.u_counter.u_reg.dout_$_SDFFE_PP0P__Q_6,1.25,1.356e-06,0.000e+00,1.345e-07,1.491e-06
u_get1000hz.u_counter.u_reg.dout_$_SDFFE_PP0P__Q_21,1.25,1.355e-06,0.000e+00,1.345e-07,1.490e-06
u_get1000hz.u_counter.u_reg.dout_$_SDFFE_PP0P__Q_12,1.25,1.355e-06,0.000e+00,1.345e-07,1.490e-06
u_get1000hz.u_counter.u_reg.dout_$_SDFFE_PP0P__Q_18,1.25,1.355e-06,0.000e+00,1.345e-07,1.489e-06
u_get1000hz.u_counter.u_reg.dout_$_SDFFE_PP0P__Q_17,1.25,1.354e-06,0.000e+00,1.345e-07,1.489e-06
u_get1000hz.u_counter.u_reg.dout_$_SDFFE_PP0P__Q_8,1.25,1.354e-06,0.000e+00,1.345e-07,1.489e-06
u_get1000hz.u_counter.u_reg.dout_$_SDFFE_PP0P__Q_9,1.25,1.353e-06,0.000e+00,1.345e-07,1.488e-06
u_get1000hz.u_counter.u_reg.dout_$_SDFFE_PP0P__Q_19,1.25,1.353e-06,0.000e+00,1.345e-07,1.488e-06
u_get1000hz.u_counter.u_reg.dout_$_SDFFE_PP0P__Q_13,1.25,1.353e-06,0.000e+00,1.345e-07,1.487e-06
u_get1000hz.u_counter.u_reg.dout_$_SDFFE_PP0P__Q_7,1.25,1.353e-06,0.000e+00,1.345e-07,1.487e-06
u_get1000hz.u_counter.u_reg.dout_$_SDFFE_PP0P__Q_5,1.25,1.353e-06,0.000e+00,1.345e-07,1.487e-06
u_get1000hz.u_counter.u_reg.dout_$_SDFFE_PP0P__Q,1.25,1.353e-06,0.000e+00,1.345e-07,1.487e-06
u_get1000hz.u_counter.u_reg.dout_$_SDFFE_PP0P__Q_10,1.25,1.352e-06,0.000e+00,1.345e-07,1.487e-06
u_get1000hz.u_counter.u_reg.dout_$_SDFFE_PP0P__Q_16,1.25,1.352e-06,0.000e+00,1.345e-07,1.487e-06
u_get1000hz.u_counter.u_reg.dout_$_SDFFE_PP0P__Q_15,1.25,1.352e-06,0.000e+00,1.345e-07,1.487e-06
u_get1000hz.u_counter.u_reg.dout_$_SDFFE_PP0P__Q_2,1.25,1.352e-06,0.000e+00,1.345e-07,1.487e-06
u_get1000hz.u_counter.u_reg.dout_$_SDFFE_PP0P__Q_3,1.25,1.352e-06,0.000e+00,1.345e-07,1.487e-06
u_get1000hz.u_counter.u_reg.dout_$_SDFFE_PP0P__Q_11,1.25,1.352e-06,0.000e+00,1.345e-07,1.487e-06
u_get1000hz.u_counter.u_reg.dout_$_SDFFE_PP0P__Q_1,1.25,1.352e-06,0.000e+00,1.345e-07,1.487e-06
u_get1000hz.u_counter.u_reg.dout_$_SDFFE_PP0P__Q_14,1.25,1.352e-06,0.000e+00,1.345e-07,1.487e-06
_1259_,1.25,1.388e-06,0.000e+00,8.212e-08,1.470e-06
genblk1[2].genblk1.i_stopwatch1.u_reg.dout_$_SDFFE_PP0P__Q_2,1.25,1.262e-06,0.000e+00,1.334e-07,1.395e-06
_0955_,1.25,1.284e-06,0.000e+00,1.039e-07,1.388e-06
genblk1[0].genblk1.i_stopwatch0.u_reg.dout_$_SDFFE_PP0P__Q_2,1.25,1.251e-06,0.000e+00,1.336e-07,1.385e-06
genblk1[1].genblk1.i_stopwatch1.u_reg.dout_$_SDFFE_PP0P__Q_2,1.25,1.251e-06,0.000e+00,1.336e-07,1.384e-06
genblk1[1].genblk1.i_stopwatch1.u_reg.dout_$_SDFFE_PP0P__Q_1,1.25,1.249e-06,0.000e+00,1.335e-07,1.383e-06
genblk1[3].genblk1.i_stopwatch1.u_reg.dout_$_SDFFE_PP0P__Q_1,1.25,1.249e-06,0.000e+00,1.335e-07,1.382e-06
genblk1[0].genblk1.i_stopwatch0.u_reg.dout_$_SDFFE_PP0P__Q_1,1.25,1.248e-06,0.000e+00,1.335e-07,1.381e-06
genblk1[2].genblk1.i_stopwatch1.u_reg.dout_$_SDFFE_PP0P__Q_1,1.25,1.248e-06,0.000e+00,1.335e-07,1.381e-06
genblk1[1].genblk1.i_stopwatch1.u_reg.dout_$_SDFFE_PP0P__Q,1.25,1.241e-06,0.000e+00,1.334e-07,1.374e-06
genblk1[0].genblk1.i_stopwatch0.u_reg.dout_$_SDFFE_PP0P__Q,1.25,1.241e-06,0.000e+00,1.334e-07,1.374e-06
genblk1[2].genblk1.i_stopwatch1.u_reg.dout_$_SDFFE_PP0P__Q,1.25,1.240e-06,0.000e+00,1.334e-07,1.373e-06
_0959_,1.25,1.277e-06,0.000e+00,9.378e-08,1.371e-06
_1377_,1.25,1.265e-06,0.000e+00,8.137e-08,1.346e-06
_1460_,1.25,1.265e-06,0.000e+00,8.137e-08,1.346e-06
_1013_,1.25,1.199e-06,0.000e+00,1.395e-07,1.338e-06
_0844_,1.25,1.198e-06,0.000e+00,1.395e-07,1.337e-06
_0871_,1.25,1.197e-06,0.000e+00,1.395e-07,1.337e-06
_0813_,1.25,1.193e-06,0.000e+00,1.395e-07,1.333e-06
_0854_,1.25,1.193e-06,0.000e+00,1.395e-07,1.333e-06
_0825_,1.25,1.193e-06,0.000e+00,1.395e-07,1.333e-06
_1358_,1.25,1.275e-06,0.000e+00,5.473e-08,1.329e-06
_0970_,1.25,1.190e-06,0.000e+00,1.395e-07,1.329e-06
_1487_,1.25,1.254e-06,0.000e+00,5.473e-08,1.309e-06
_1504_,1.25,1.252e-06,0.000e+00,5.473e-08,1.307e-06
_0977_,1.25,1.211e-06,0.000e+00,9.383e-08,1.305e-06
_1462_,1.25,1.245e-06,0.000e+00,5.473e-08,1.300e-06
_1325_,1.25,1.244e-06,0.000e+00,5.473e-08,1.298e-06
_1484_,1.25,1.243e-06,0.000e+00,5.473e-08,1.298e-06
_1379_,1.25,1.205e-06,0.000e+00,9.260e-08,1.298e-06
_1477_,1.25,1.204e-06,0.000e+00,9.309e-08,1.297e-06
_1508_,1.25,1.241e-06,0.000e+00,5.473e-08,1.296e-06
_1271_,1.25,1.202e-06,0.000e+00,9.384e-08,1.296e-06
_1397_,1.25,1.200e-06,0.000e+00,9.309e-08,1.293e-06
_1330_,1.25,1.236e-06,0.000e+00,5.473e-08,1.290e-06
_1489_,1.25,1.232e-06,0.000e+00,5.473e-08,1.287e-06
_1381_,1.25,1.228e-06,0.000e+00,5.473e-08,1.283e-06
_1175_,1.25,1.169e-06,0.000e+00,1.114e-07,1.281e-06
_1444_,1.25,1.225e-06,0.000e+00,5.473e-08,1.280e-06
genblk1[3].genblk1.i_stopwatch1.u_reg.dout_$_SDFFE_PP0P__Q_3,1.25,1.204e-06,0.000e+00,5.400e-08,1.258e-06
u_reg_select.dout_$_SDFFE_PP0P__Q_1,1.25,1.086e-06,0.000e+00,1.328e-07,1.219e-06
_1146_,1.25,1.120e-06,0.000e+00,7.507e-08,1.195e-06
_1056_,1.25,8.283e-07,0.000e+00,3.599e-07,1.188e-06
_1046_,1.25,1.050e-06,0.000e+00,1.223e-07,1.172e-06
_1176_,1.25,1.070e-06,0.000e+00,8.738e-08,1.158e-06
u_get1000hz.u_counter.u_reg.dout_$_SDFFE_PP0P__Q_31,1.25,1.034e-06,0.000e+00,5.863e-08,1.093e-06
_0880_,1.25,9.520e-07,0.000e+00,1.323e-07,1.084e-06
_0866_,1.25,9.795e-07,0.000e+00,1.016e-07,1.081e-06
_1014_,1.25,9.679e-07,0.000e+00,7.241e-08,1.040e-06
_1261_,1.25,9.055e-07,0.000e+00,1.200e-07,1.025e-06
_0827_,1.25,9.343e-07,0.000e+00,8.137e-08,1.016e-06
_1109_,1.25,9.117e-07,0.000e+00,9.613e-08,1.008e-06
_1112_,1.25,9.116e-07,0.000e+00,9.613e-08,1.008e-06
_1193_,1.25,9.125e-07,0.000e+00,9.260e-08,1.005e-06
_1191_,1.25,9.088e-07,0.000e+00,9.260e-08,1.001e-06
_0879_,1.25,8.965e-07,0.000e+00,1.021e-07,9.986e-07
_1139_,1.25,8.589e-07,0.000e+00,1.382e-07,9.971e-07
_1020_,1.25,9.220e-07,0.000e+00,7.351e-08,9.955e-07
_0923_,1.25,9.006e-07,0.000e+00,9.306e-08,9.937e-07
_0803_,1.25,8.959e-07,0.000e+00,9.306e-08,9.889e-07
_1319_,1.25,8.234e-07,0.000e+00,1.654e-07,9.887e-07
_1152_,1.25,8.993e-07,0.000e+00,8.264e-08,9.819e-07
_0790_,1.25,8.875e-07,0.000e+00,9.260e-08,9.801e-07
_1429_,1.25,8.065e-07,0.000e+00,1.654e-07,9.718e-07
_1015_,1.25,8.695e-07,0.000e+00,1.021e-07,9.716e-07
_1262_,1.25,8.738e-07,0.000e+00,8.866e-08,9.625e-07
_1145_,1.25,8.387e-07,0.000e+00,1.021e-07,9.408e-07
_0832_,1.25,8.379e-07,0.000e+00,1.021e-07,9.400e-07
_1173_,1.25,8.338e-07,0.000e+00,1.021e-07,9.359e-07
_0884_,1.25,8.406e-07,0.000e+00,8.965e-08,9.303e-07
_1355_,1.25,8.440e-07,0.000e+00,8.377e-08,9.277e-07
_1218_,1.25,7.781e-07,0.000e+00,1.483e-07,9.264e-07
_1363_,1.25,8.372e-07,0.000e+00,8.377e-08,9.210e-07
_1365_,1.25,8.368e-07,0.000e+00,8.377e-08,9.206e-07
_1174_,1.25,8.422e-07,0.000e+00,7.739e-08,9.196e-07
_1410_,1.25,8.354e-07,0.000e+00,8.377e-08,9.192e-07
_1287_,1.25,7.708e-07,0.000e+00,1.483e-07,9.192e-07
_1362_,1.25,8.327e-07,0.000e+00,8.377e-08,9.164e-07
_1360_,1.25,7.941e-07,0.000e+00,1.123e-07,9.063e-07
_1467_,1.25,8.165e-07,0.000e+00,8.377e-08,9.003e-07
_0882_,1.25,8.110e-07,0.000e+00,8.535e-08,8.964e-07
_1524_,1.25,8.370e-07,0.000e+00,5.758e-08,8.946e-07
_1469_,1.25,8.105e-07,0.000e+00,8.377e-08,8.943e-07
_1327_,1.25,8.081e-07,0.000e+00,8.377e-08,8.919e-07
_1488_,1.25,8.078e-07,0.000e+00,8.377e-08,8.916e-07
_1258_,1.25,8.103e-07,0.000e+00,7.858e-08,8.889e-07
_1490_,1.25,8.032e-07,0.000e+00,8.377e-08,8.870e-07
_1387_,1.25,8.007e-07,0.000e+00,8.377e-08,8.845e-07
_1486_,1.25,7.996e-07,0.000e+00,8.377e-08,8.834e-07
_1356_,1.25,7.894e-07,0.000e+00,8.964e-08,8.791e-07
_1475_,1.25,7.386e-07,0.000e+00,1.364e-07,8.750e-07
_1446_,1.25,7.888e-07,0.000e+00,8.377e-08,8.725e-07
_1364_,1.25,8.145e-07,0.000e+00,5.758e-08,8.720e-07
_1409_,1.25,8.090e-07,0.000e+00,5.758e-08,8.666e-07
_1448_,1.25,7.780e-07,0.000e+00,8.377e-08,8.618e-07
_1334_,1.25,7.192e-07,0.000e+00,1.402e-07,8.594e-07
_1395_,1.25,7.799e-07,0.000e+00,7.926e-08,8.591e-07
_1135_,1.25,7.189e-07,0.000e+00,1.379e-07,8.567e-07
_1403_,1.25,7.961e-07,0.000e+00,5.758e-08,8.537e-07
_1057_,1.25,4.924e-07,0.000e+00,3.598e-07,8.523e-07
_1353_,1.25,7.730e-07,0.000e+00,7.926e-08,8.523e-07
_0878_,1.25,7.617e-07,0.000e+00,8.535e-08,8.470e-07
_1359_,1.25,7.530e-07,0.000e+00,9.287e-08,8.458e-07
_1452_,1.25,7.647e-07,0.000e+00,7.926e-08,8.440e-07
_1404_,1.25,7.481e-07,0.000e+00,9.287e-08,8.410e-07
_1393_,1.25,7.495e-07,0.000e+00,8.964e-08,8.391e-07
_1351_,1.25,7.450e-07,0.000e+00,9.287e-08,8.379e-07
_1299_,1.25,7.169e-07,0.000e+00,1.167e-07,8.336e-07
_0842_,1.25,7.434e-07,0.000e+00,8.964e-08,8.330e-07
_1045_,1.25,7.710e-07,0.000e+00,6.173e-08,8.327e-07
_1252_,1.25,6.934e-07,0.000e+00,1.378e-07,8.313e-07
_1011_,1.25,7.410e-07,0.000e+00,8.964e-08,8.306e-07
_1463_,1.25,7.357e-07,0.000e+00,9.287e-08,8.286e-07
_0869_,1.25,7.386e-07,0.000e+00,8.964e-08,8.282e-07
_1390_,1.25,7.348e-07,0.000e+00,9.287e-08,8.277e-07
_1450_,1.25,7.371e-07,0.000e+00,8.964e-08,8.267e-07
_1430_,1.25,7.360e-07,0.000e+00,8.964e-08,8.257e-07
_1476_,1.25,7.457e-07,0.000e+00,7.926e-08,8.249e-07
_1323_,1.25,7.448e-07,0.000e+00,7.926e-08,8.240e-07
_1250_,1.25,7.485e-07,0.000e+00,7.542e-08,8.239e-07
_1464_,1.25,7.200e-07,0.000e+00,1.021e-07,8.221e-07
_1185_,1.25,7.322e-07,0.000e+00,8.964e-08,8.218e-07
_0903_,1.25,7.310e-07,0.000e+00,8.964e-08,8.207e-07
_0852_,1.25,7.303e-07,0.000e+00,8.964e-08,8.199e-07
_1348_,1.25,7.397e-07,0.000e+00,7.998e-08,8.197e-07
_1350_,1.25,7.395e-07,0.000e+00,7.998e-08,8.195e-07
_0811_,1.25,7.284e-07,0.000e+00,8.964e-08,8.181e-07
_1366_,1.25,7.154e-07,0.000e+00,1.021e-07,8.175e-07
_1481_,1.25,7.592e-07,0.000e+00,5.758e-08,8.167e-07
_1063_,1.25,7.254e-07,0.000e+00,8.964e-08,8.150e-07
_0967_,1.25,7.251e-07,0.000e+00,8.960e-08,8.147e-07
_1414_,1.25,7.216e-07,0.000e+00,9.287e-08,8.144e-07
_1332_,1.25,7.240e-07,0.000e+00,8.964e-08,8.136e-07
_1129_,1.25,7.382e-07,0.000e+00,7.542e-08,8.136e-07
_0823_,1.25,7.235e-07,0.000e+00,8.964e-08,8.131e-07
_1120_,1.25,7.369e-07,0.000e+00,7.521e-08,8.121e-07
_1336_,1.25,7.220e-07,0.000e+00,8.964e-08,8.116e-07
_1092_,1.25,7.364e-07,0.000e+00,7.521e-08,8.116e-07
_0979_,1.25,7.213e-07,0.000e+00,8.964e-08,8.110e-07
_1400_,1.25,7.083e-07,0.000e+00,1.021e-07,8.104e-07
_1148_,1.25,7.587e-07,0.000e+00,5.162e-08,8.104e-07
_1080_,1.25,7.348e-07,0.000e+00,7.521e-08,8.100e-07
_1223_,1.25,7.347e-07,0.000e+00,7.522e-08,8.099e-07
_1457_,1.25,7.077e-07,0.000e+00,1.021e-07,8.099e-07
_0983_,1.25,7.200e-07,0.000e+00,8.964e-08,8.096e-07
_1038_,1.25,7.200e-07,0.000e+00,8.964e-08,8.096e-07
_1026_,1.25,7.200e-07,0.000e+00,8.964e-08,8.096e-07
_1124_,1.25,7.340e-07,0.000e+00,7.527e-08,8.093e-07
_1329_,1.25,7.510e-07,0.000e+00,5.758e-08,8.086e-07
_1468_,1.25,7.064e-07,0.000e+00,1.021e-07,8.085e-07
_1196_,1.25,7.173e-07,0.000e+00,8.964e-08,8.070e-07
_1078_,1.25,7.342e-07,0.000e+00,7.272e-08,8.069e-07
_1060_,1.25,7.173e-07,0.000e+00,8.964e-08,8.069e-07
_1423_,1.25,7.172e-07,0.000e+00,8.964e-08,8.068e-07
_1278_,1.25,7.315e-07,0.000e+00,7.521e-08,8.067e-07
_1104_,1.25,7.314e-07,0.000e+00,7.522e-08,8.066e-07
_1491_,1.25,7.263e-07,0.000e+00,7.998e-08,8.063e-07
_1485_,1.25,7.133e-07,0.000e+00,9.287e-08,8.062e-07
_1503_,1.25,7.260e-07,0.000e+00,7.998e-08,8.060e-07
_1443_,1.25,7.480e-07,0.000e+00,5.758e-08,8.055e-07
_0883_,1.25,6.946e-07,0.000e+00,1.097e-07,8.043e-07
_1445_,1.25,7.467e-07,0.000e+00,5.758e-08,8.043e-07
_1236_,1.25,7.290e-07,0.000e+00,7.523e-08,8.042e-07
_1478_,1.25,7.018e-07,0.000e+00,1.021e-07,8.039e-07
_1114_,1.25,7.285e-07,0.000e+00,7.523e-08,8.037e-07
_1072_,1.25,7.139e-07,0.000e+00,8.964e-08,8.035e-07
_1106_,1.25,7.281e-07,0.000e+00,7.522e-08,8.033e-07
u_reg_select.dout_$_SDFFE_PP0P__Q,1.25,7.756e-07,0.000e+00,2.767e-08,8.033e-07
_1007_,1.25,7.128e-07,0.000e+00,8.964e-08,8.025e-07
_1322_,1.25,7.094e-07,0.000e+00,9.287e-08,8.023e-07
_1159_,1.25,7.264e-07,0.000e+00,7.521e-08,8.016e-07
_1082_,1.25,6.350e-07,0.000e+00,1.665e-07,8.016e-07
_1240_,1.25,7.255e-07,0.000e+00,7.521e-08,8.007e-07
_1361_,1.25,7.072e-07,0.000e+00,9.287e-08,8.001e-07
_1369_,1.25,7.197e-07,0.000e+00,7.998e-08,7.997e-07
_1482_,1.25,7.066e-07,0.000e+00,9.287e-08,7.995e-07
_1442_,1.25,7.052e-07,0.000e+00,9.287e-08,7.981e-07
_1471_,1.25,7.050e-07,0.000e+00,9.287e-08,7.979e-07
_0835_,1.25,7.275e-07,0.000e+00,7.033e-08,7.978e-07
_1168_,1.25,7.425e-07,0.000e+00,5.499e-08,7.975e-07
_1424_,1.25,7.176e-07,0.000e+00,7.926e-08,7.969e-07
_0821_,1.25,7.265e-07,0.000e+00,7.033e-08,7.969e-07
_1456_,1.25,7.167e-07,0.000e+00,7.998e-08,7.967e-07
_1518_,1.25,7.380e-07,0.000e+00,5.758e-08,7.956e-07
_1373_,1.25,7.144e-07,0.000e+00,7.998e-08,7.944e-07
_0814_,1.25,7.119e-07,0.000e+00,8.209e-08,7.940e-07
_1453_,1.25,7.136e-07,0.000e+00,7.998e-08,7.936e-07
_0833_,1.25,7.233e-07,0.000e+00,6.992e-08,7.933e-07
_1388_,1.25,6.911e-07,0.000e+00,1.021e-07,7.932e-07
_1505_,1.25,7.126e-07,0.000e+00,7.998e-08,7.925e-07
_0892_,1.25,7.121e-07,0.000e+00,7.926e-08,7.914e-07
_1181_,1.25,7.013e-07,0.000e+00,8.964e-08,7.910e-07
_1521_,1.25,6.973e-07,0.000e+00,9.287e-08,7.902e-07
_1411_,1.25,7.096e-07,0.000e+00,7.998e-08,7.896e-07
_0786_,1.25,7.069e-07,0.000e+00,7.926e-08,7.862e-07
_1494_,1.25,6.907e-07,0.000e+00,9.287e-08,7.835e-07
_1440_,1.25,6.796e-07,0.000e+00,1.021e-07,7.817e-07
_1516_,1.25,6.887e-07,0.000e+00,9.287e-08,7.815e-07
_1386_,1.25,7.231e-07,0.000e+00,5.758e-08,7.807e-07
_0865_,1.25,6.498e-07,0.000e+00,1.308e-07,7.806e-07
_1251_,1.25,7.073e-07,0.000e+00,7.244e-08,7.797e-07
_1441_,1.25,6.863e-07,0.000e+00,9.287e-08,7.791e-07
_1279_,1.25,7.011e-07,0.000e+00,7.787e-08,7.789e-07
_1432_,1.25,6.987e-07,0.000e+00,7.998e-08,7.787e-07
_1447_,1.25,7.203e-07,0.000e+00,5.758e-08,7.779e-07
_1242_,1.25,6.997e-07,0.000e+00,7.787e-08,7.775e-07
_1367_,1.25,6.847e-07,0.000e+00,9.287e-08,7.775e-07
_1314_,1.25,6.837e-07,0.000e+00,9.287e-08,7.765e-07
_1519_,1.25,6.830e-07,0.000e+00,9.287e-08,7.758e-07
_1465_,1.25,6.826e-07,0.000e+00,9.287e-08,7.755e-07
_1402_,1.25,6.826e-07,0.000e+00,9.287e-08,7.755e-07
_1459_,1.25,6.826e-07,0.000e+00,9.287e-08,7.755e-07
_1405_,1.25,7.177e-07,0.000e+00,5.758e-08,7.753e-07
_1320_,1.25,6.729e-07,0.000e+00,1.021e-07,7.750e-07
_1507_,1.25,6.850e-07,0.000e+00,8.964e-08,7.746e-07
_1237_,1.25,7.019e-07,0.000e+00,7.241e-08,7.743e-07
_1497_,1.25,6.812e-07,0.000e+00,9.287e-08,7.740e-07
_1408_,1.25,6.807e-07,0.000e+00,9.287e-08,7.735e-07
_1384_,1.25,6.803e-07,0.000e+00,9.287e-08,7.732e-07
_1376_,1.25,6.800e-07,0.000e+00,9.287e-08,7.728e-07
_1527_,1.25,6.927e-07,0.000e+00,7.998e-08,7.727e-07
_1321_,1.25,6.705e-07,0.000e+00,1.021e-07,7.726e-07
_1492_,1.25,6.782e-07,0.000e+00,9.287e-08,7.711e-07
_1224_,1.25,6.985e-07,0.000e+00,7.241e-08,7.709e-07
_1480_,1.25,6.766e-07,0.000e+00,9.287e-08,7.694e-07
_1499_,1.25,6.669e-07,0.000e+00,1.021e-07,7.690e-07
_1412_,1.25,6.755e-07,0.000e+00,9.287e-08,7.683e-07
_1335_,1.25,6.707e-07,0.000e+00,9.287e-08,7.636e-07
_0954_,1.25,6.852e-07,0.000e+00,7.477e-08,7.600e-07
_0963_,1.25,6.895e-07,0.000e+00,6.995e-08,7.595e-07
_1254_,1.25,6.745e-07,0.000e+00,6.889e-08,7.434e-07
u_reg_select.dout_$_SDFFE_PP0P__Q_2,1.25,7.014e-07,0.000e+00,2.792e-08,7.293e-07
_1276_,1.25,6.559e-07,0.000e+00,6.851e-08,7.244e-07
_1281_,1.25,6.553e-07,0.000e+00,6.851e-08,7.238e-07
_1134_,1.25,5.961e-07,0.000e+00,1.259e-07,7.220e-07
_1140_,1.25,6.534e-07,0.000e+00,6.463e-08,7.181e-07
_1267_,1.25,6.484e-07,0.000e+00,6.851e-08,7.169e-07
_1073_,1.25,6.202e-07,0.000e+00,9.198e-08,7.122e-07
_0868_,1.25,6.221e-07,0.000e+00,8.966e-08,7.118e-07
_1197_,1.25,6.151e-07,0.000e+00,9.198e-08,7.071e-07
_0787_,1.25,6.242e-07,0.000e+00,8.137e-08,7.056e-07
_1186_,1.25,6.130e-07,0.000e+00,9.198e-08,7.050e-07
_1061_,1.25,6.117e-07,0.000e+00,9.198e-08,7.037e-07
genblk1[0].genblk1.i_stopwatch0.u_reg.dout_$_SDFFE_PP0P__Q_3,1.25,6.669e-07,0.000e+00,3.124e-08,6.981e-07
genblk1[1].genblk1.i_stopwatch1.u_reg.dout_$_SDFFE_PP0P__Q_3,1.25,6.657e-07,0.000e+00,3.124e-08,6.969e-07
genblk1[2].genblk1.i_stopwatch1.u_reg.dout_$_SDFFE_PP0P__Q_3,1.25,6.655e-07,0.000e+00,3.124e-08,6.967e-07
_0791_,1.25,5.999e-07,0.000e+00,9.309e-08,6.930e-07
_1226_,1.25,6.214e-07,0.000e+00,6.851e-08,6.899e-07
_0990_,1.25,5.953e-07,0.000e+00,9.309e-08,6.884e-07
_0796_,1.25,5.953e-07,0.000e+00,9.309e-08,6.884e-07
_1234_,1.25,6.197e-07,0.000e+00,6.851e-08,6.882e-07
_1247_,1.25,6.195e-07,0.000e+00,6.856e-08,6.880e-07
_1204_,1.25,6.181e-07,0.000e+00,6.851e-08,6.866e-07
_1212_,1.25,6.173e-07,0.000e+00,6.851e-08,6.858e-07
_1231_,1.25,6.171e-07,0.000e+00,6.851e-08,6.856e-07
_1220_,1.25,6.170e-07,0.000e+00,6.851e-08,6.855e-07
_0805_,1.25,5.915e-07,0.000e+00,9.309e-08,6.846e-07
_1209_,1.25,6.158e-07,0.000e+00,6.851e-08,6.843e-07
_1201_,1.25,6.153e-07,0.000e+00,6.851e-08,6.838e-07
_1238_,1.25,6.145e-07,0.000e+00,6.852e-08,6.830e-07
_0800_,1.25,5.850e-07,0.000e+00,9.198e-08,6.770e-07
_0851_,1.25,5.977e-07,0.000e+00,7.704e-08,6.747e-07
_0822_,1.25,5.962e-07,0.000e+00,7.704e-08,6.733e-07
_0837_,1.25,5.951e-07,0.000e+00,7.704e-08,6.721e-07
_1099_,1.25,5.459e-07,0.000e+00,1.261e-07,6.720e-07
_1067_,1.25,6.168e-07,0.000e+00,5.473e-08,6.715e-07
_0995_,1.25,6.160e-07,0.000e+00,5.473e-08,6.707e-07
_0992_,1.25,6.151e-07,0.000e+00,5.473e-08,6.698e-07
_0994_,1.25,6.150e-07,0.000e+00,5.473e-08,6.697e-07
_0993_,1.25,6.141e-07,0.000e+00,5.473e-08,6.688e-07
_0986_,1.25,6.139e-07,0.000e+00,5.473e-08,6.686e-07
_0909_,1.25,6.125e-07,0.000e+00,5.473e-08,6.673e-07
_1256_,1.25,4.063e-07,0.000e+00,2.607e-07,6.671e-07
_1126_,1.25,5.738e-07,0.000e+00,8.832e-08,6.621e-07
_1156_,1.25,5.724e-07,0.000e+00,8.832e-08,6.607e-07
_1085_,1.25,5.719e-07,0.000e+00,8.832e-08,6.602e-07
_1094_,1.25,5.713e-07,0.000e+00,8.832e-08,6.596e-07
_1165_,1.25,5.706e-07,0.000e+00,8.832e-08,6.589e-07
_1101_,1.25,5.702e-07,0.000e+00,8.832e-08,6.585e-07
_1117_,1.25,5.700e-07,0.000e+00,8.832e-08,6.584e-07
_1161_,1.25,5.700e-07,0.000e+00,8.832e-08,6.583e-07
_1264_,1.25,5.771e-07,0.000e+00,7.685e-08,6.540e-07
_0975_,1.25,5.809e-07,0.000e+00,6.967e-08,6.505e-07
_1058_,1.25,2.893e-07,0.000e+00,3.598e-07,6.492e-07
_1036_,1.25,5.583e-07,0.000e+00,8.966e-08,6.480e-07
_1012_,1.25,5.581e-07,0.000e+00,8.966e-08,6.478e-07
_0998_,1.25,5.522e-07,0.000e+00,8.966e-08,6.419e-07
_0870_,1.25,5.514e-07,0.000e+00,8.966e-08,6.411e-07
_0968_,1.25,5.507e-07,0.000e+00,8.966e-08,6.404e-07
_0843_,1.25,5.500e-07,0.000e+00,8.966e-08,6.397e-07
_1297_,1.25,5.584e-07,0.000e+00,8.051e-08,6.389e-07
_0951_,1.25,5.676e-07,0.000e+00,6.828e-08,6.359e-07
_0981_,1.25,5.433e-07,0.000e+00,8.966e-08,6.330e-07
_0812_,1.25,5.429e-07,0.000e+00,8.966e-08,6.325e-07
_0853_,1.25,5.420e-07,0.000e+00,8.966e-08,6.316e-07
_0824_,1.25,5.381e-07,0.000e+00,8.966e-08,6.277e-07
_1039_,1.25,5.380e-07,0.000e+00,8.966e-08,6.277e-07
_1018_,1.25,5.576e-07,0.000e+00,6.967e-08,6.272e-07
_0945_,1.25,5.357e-07,0.000e+00,8.966e-08,6.254e-07
_1136_,1.25,5.497e-07,0.000e+00,7.114e-08,6.208e-07
_0876_,1.25,5.493e-07,0.000e+00,6.965e-08,6.189e-07
_0839_,1.25,5.376e-07,0.000e+00,7.998e-08,6.175e-07
_0958_,1.25,5.165e-07,0.000e+00,9.550e-08,6.120e-07
_1265_,1.25,5.367e-07,0.000e+00,7.060e-08,6.073e-07
_0861_,1.25,5.231e-07,0.000e+00,8.395e-08,6.071e-07
_0927_,1.25,5.491e-07,0.000e+00,5.758e-08,6.067e-07
_1188_,1.25,5.478e-07,0.000e+00,5.758e-08,6.054e-07
_1130_,1.25,5.286e-07,0.000e+00,7.599e-08,6.046e-07
_1069_,1.25,5.457e-07,0.000e+00,5.758e-08,6.033e-07
_0858_,1.25,5.210e-07,0.000e+00,7.998e-08,6.010e-07
_0794_,1.25,5.401e-07,0.000e+00,5.758e-08,5.976e-07
_1125_,1.25,5.270e-07,0.000e+00,7.059e-08,5.976e-07
_1122_,1.25,5.258e-07,0.000e+00,7.114e-08,5.969e-07
_1160_,1.25,5.256e-07,0.000e+00,7.114e-08,5.968e-07
_1116_,1.25,5.255e-07,0.000e+00,7.114e-08,5.966e-07
_1107_,1.25,5.262e-07,0.000e+00,6.833e-08,5.945e-07
_1260_,1.25,5.180e-07,0.000e+00,7.462e-08,5.926e-07
_1169_,1.25,5.242e-07,0.000e+00,6.833e-08,5.925e-07
_1105_,1.25,5.229e-07,0.000e+00,6.833e-08,5.912e-07
_1093_,1.25,5.207e-07,0.000e+00,6.833e-08,5.890e-07
_1149_,1.25,5.205e-07,0.000e+00,6.833e-08,5.888e-07
_1081_,1.25,5.193e-07,0.000e+00,6.833e-08,5.876e-07
_1389_,1.25,4.682e-07,0.000e+00,1.151e-07,5.833e-07
_1383_,1.25,4.712e-07,0.000e+00,1.112e-07,5.825e-07
_1374_,1.25,4.709e-07,0.000e+00,1.112e-07,5.822e-07
_1406_,1.25,4.707e-07,0.000e+00,1.112e-07,5.819e-07
_1047_,1.25,5.080e-07,0.000e+00,7.060e-08,5.786e-07
_1357_,1.25,4.629e-07,0.000e+00,1.151e-07,5.780e-07
_0952_,1.25,4.855e-07,0.000e+00,9.157e-08,5.770e-07
_0924_,1.25,4.744e-07,0.000e+00,1.024e-07,5.768e-07
_1470_,1.25,4.601e-07,0.000e+00,1.151e-07,5.753e-07
_1407_,1.25,4.567e-07,0.000e+00,1.112e-07,5.679e-07
_1333_,1.25,4.443e-07,0.000e+00,1.151e-07,5.594e-07
_1510_,1.25,4.395e-07,0.000e+00,1.151e-07,5.546e-07
_0847_,1.25,4.848e-07,0.000e+00,6.444e-08,5.492e-07
_0817_,1.25,4.823e-07,0.000e+00,6.444e-08,5.467e-07
_1172_,1.25,4.608e-07,0.000e+00,7.018e-08,5.309e-07
_1059_,1.25,1.683e-07,0.000e+00,3.598e-07,5.281e-07
_0950_,1.25,4.499e-07,0.000e+00,7.018e-08,5.201e-07
_0948_,1.25,4.499e-07,0.000e+00,7.018e-08,5.201e-07
_0850_,1.25,4.508e-07,0.000e+00,6.630e-08,5.170e-07
_1385_,1.25,4.544e-07,0.000e+00,5.912e-08,5.135e-07
_1257_,1.25,4.415e-07,0.000e+00,7.018e-08,5.117e-07
_0830_,1.25,4.339e-07,0.000e+00,6.677e-08,5.006e-07
_1522_,1.25,4.390e-07,0.000e+00,5.912e-08,4.982e-07
_1525_,1.25,4.387e-07,0.000e+00,5.912e-08,4.978e-07
_1517_,1.25,4.387e-07,0.000e+00,5.912e-08,4.978e-07
_1515_,1.25,4.370e-07,0.000e+00,5.912e-08,4.962e-07
_1352_,1.25,4.271e-07,0.000e+00,6.818e-08,4.953e-07
_1520_,1.25,4.346e-07,0.000e+00,5.912e-08,4.938e-07
_1513_,1.25,4.345e-07,0.000e+00,5.912e-08,4.937e-07
_0845_,1.25,4.212e-07,0.000e+00,6.630e-08,4.875e-07
_1110_,1.25,4.201e-07,0.000e+00,6.453e-08,4.846e-07
_1113_,1.25,4.194e-07,0.000e+00,6.454e-08,4.840e-07
_1324_,1.25,4.238e-07,0.000e+00,5.912e-08,4.829e-07
_1466_,1.25,4.150e-07,0.000e+00,5.912e-08,4.741e-07
_1328_,1.25,4.143e-07,0.000e+00,5.912e-08,4.734e-07
_1428_,1.25,4.032e-07,0.000e+00,6.818e-08,4.714e-07
_1434_,1.25,4.121e-07,0.000e+00,5.912e-08,4.712e-07
_1178_,1.25,4.092e-07,0.000e+00,6.204e-08,4.712e-07
_1514_,1.25,4.120e-07,0.000e+00,5.912e-08,4.711e-07
_0840_,1.25,3.792e-07,0.000e+00,8.967e-08,4.689e-07
_1326_,1.25,4.094e-07,0.000e+00,5.912e-08,4.685e-07
_0797_,1.25,3.999e-07,0.000e+00,6.818e-08,4.681e-07
_1523_,1.25,4.084e-07,0.000e+00,5.912e-08,4.675e-07
_1501_,1.25,4.079e-07,0.000e+00,5.912e-08,4.670e-07
_1295_,1.25,4.093e-07,0.000e+00,5.654e-08,4.659e-07
_1422_,1.25,3.960e-07,0.000e+00,6.818e-08,4.641e-07
_1302_,1.25,3.937e-07,0.000e+00,6.818e-08,4.619e-07
_1010_,1.25,3.862e-07,0.000e+00,7.410e-08,4.603e-07
_1318_,1.25,3.918e-07,0.000e+00,6.818e-08,4.600e-07
_1415_,1.25,4.008e-07,0.000e+00,5.912e-08,4.599e-07
_0918_,1.25,3.916e-07,0.000e+00,6.818e-08,4.597e-07
_1354_,1.25,4.001e-07,0.000e+00,5.912e-08,4.592e-07
_1509_,1.25,3.901e-07,0.000e+00,6.818e-08,4.583e-07
_1331_,1.25,3.988e-07,0.000e+00,5.912e-08,4.579e-07
_1472_,1.25,3.985e-07,0.000e+00,5.912e-08,4.576e-07
_1391_,1.25,3.958e-07,0.000e+00,5.912e-08,4.549e-07
_1526_,1.25,3.951e-07,0.000e+00,5.912e-08,4.543e-07
_1017_,1.25,3.849e-07,0.000e+00,6.818e-08,4.531e-07
_1413_,1.25,3.932e-07,0.000e+00,5.912e-08,4.523e-07
_0974_,1.25,3.839e-07,0.000e+00,6.818e-08,4.520e-07
_1382_,1.25,3.929e-07,0.000e+00,5.912e-08,4.520e-07
_1253_,1.25,3.825e-07,0.000e+00,6.818e-08,4.507e-07
_1392_,1.25,3.824e-07,0.000e+00,6.818e-08,4.506e-07
_1192_,1.25,3.607e-07,0.000e+00,8.967e-08,4.503e-07
_1449_,1.25,3.818e-07,0.000e+00,6.818e-08,4.500e-07
_0873_,1.25,3.897e-07,0.000e+00,5.912e-08,4.488e-07
_1473_,1.25,3.806e-07,0.000e+00,6.818e-08,4.488e-07
_0834_,1.25,3.803e-07,0.000e+00,6.818e-08,4.485e-07
_1151_,1.25,3.775e-07,0.000e+00,7.082e-08,4.483e-07
_0917_,1.25,3.790e-07,0.000e+00,6.818e-08,4.472e-07
_1495_,1.25,3.881e-07,0.000e+00,5.912e-08,4.472e-07
_0900_,1.25,3.669e-07,0.000e+00,7.969e-08,4.466e-07
_1255_,1.25,3.909e-07,0.000e+00,5.506e-08,4.460e-07
_1461_,1.25,3.866e-07,0.000e+00,5.912e-08,4.457e-07
_0864_,1.25,3.762e-07,0.000e+00,6.818e-08,4.444e-07
_1300_,1.25,3.954e-07,0.000e+00,4.810e-08,4.435e-07
_1399_,1.25,3.753e-07,0.000e+00,6.818e-08,4.435e-07
_1211_,1.25,3.727e-07,0.000e+00,7.013e-08,4.428e-07
_1498_,1.25,3.745e-07,0.000e+00,6.818e-08,4.427e-07
_1493_,1.25,3.832e-07,0.000e+00,5.912e-08,4.423e-07
_0820_,1.25,3.740e-07,0.000e+00,6.818e-08,4.422e-07
_1249_,1.25,3.719e-07,0.000e+00,7.014e-08,4.420e-07
_1512_,1.25,3.726e-07,0.000e+00,6.818e-08,4.407e-07
_0875_,1.25,3.569e-07,0.000e+00,8.376e-08,4.407e-07
_1233_,1.25,3.697e-07,0.000e+00,7.013e-08,4.399e-07
_1222_,1.25,3.696e-07,0.000e+00,7.013e-08,4.397e-07
_1313_,1.25,3.798e-07,0.000e+00,5.912e-08,4.390e-07
_1288_,1.25,3.706e-07,0.000e+00,6.818e-08,4.388e-07
_1290_,1.25,3.706e-07,0.000e+00,6.818e-08,4.388e-07
_1291_,1.25,3.706e-07,0.000e+00,6.818e-08,4.388e-07
_1292_,1.25,3.706e-07,0.000e+00,6.818e-08,4.388e-07
_1294_,1.25,3.706e-07,0.000e+00,6.818e-08,4.388e-07
_1203_,1.25,3.686e-07,0.000e+00,7.013e-08,4.388e-07
_0809_,1.25,3.703e-07,0.000e+00,6.818e-08,4.385e-07
_0964_,1.25,3.703e-07,0.000e+00,6.818e-08,4.385e-07
_1269_,1.25,3.701e-07,0.000e+00,6.818e-08,4.383e-07
_1421_,1.25,3.782e-07,0.000e+00,5.912e-08,4.373e-07
_1439_,1.25,3.780e-07,0.000e+00,5.912e-08,4.371e-07
_0943_,1.25,3.688e-07,0.000e+00,6.818e-08,4.369e-07
_1370_,1.25,3.681e-07,0.000e+00,6.818e-08,4.363e-07
_1436_,1.25,3.766e-07,0.000e+00,5.912e-08,4.357e-07
_1310_,1.25,3.761e-07,0.000e+00,5.912e-08,4.352e-07
_1451_,1.25,3.666e-07,0.000e+00,6.818e-08,4.347e-07
_1312_,1.25,3.743e-07,0.000e+00,5.912e-08,4.334e-07
_0933_,1.25,3.648e-07,0.000e+00,6.818e-08,4.330e-07
_0930_,1.25,3.648e-07,0.000e+00,6.818e-08,4.330e-07
_1394_,1.25,3.646e-07,0.000e+00,6.818e-08,4.328e-07
_1378_,1.25,3.734e-07,0.000e+00,5.912e-08,4.325e-07
_1418_,1.25,3.719e-07,0.000e+00,5.912e-08,4.311e-07
_1317_,1.25,3.719e-07,0.000e+00,5.912e-08,4.310e-07
_1144_,1.25,3.594e-07,0.000e+00,6.966e-08,4.291e-07
_1496_,1.25,3.694e-07,0.000e+00,5.912e-08,4.285e-07
_1316_,1.25,3.688e-07,0.000e+00,5.912e-08,4.279e-07
_1343_,1.25,3.682e-07,0.000e+00,5.912e-08,4.273e-07
_1339_,1.25,3.682e-07,0.000e+00,5.912e-08,4.273e-07
_1420_,1.25,3.680e-07,0.000e+00,5.912e-08,4.271e-07
_1309_,1.25,3.680e-07,0.000e+00,5.912e-08,4.271e-07
_1177_,1.25,3.468e-07,0.000e+00,8.032e-08,4.271e-07
_1308_,1.25,3.678e-07,0.000e+00,5.912e-08,4.269e-07
_1419_,1.25,3.678e-07,0.000e+00,5.912e-08,4.269e-07
_1311_,1.25,3.678e-07,0.000e+00,5.912e-08,4.269e-07
_1416_,1.25,3.673e-07,0.000e+00,5.912e-08,4.264e-07
_1417_,1.25,3.673e-07,0.000e+00,5.912e-08,4.264e-07
_1344_,1.25,3.663e-07,0.000e+00,5.912e-08,4.254e-07
_1426_,1.25,3.662e-07,0.000e+00,5.912e-08,4.253e-07
_1342_,1.25,3.662e-07,0.000e+00,5.912e-08,4.253e-07
_1338_,1.25,3.662e-07,0.000e+00,5.912e-08,4.253e-07
_1315_,1.25,3.658e-07,0.000e+00,5.912e-08,4.249e-07
_1150_,1.25,3.594e-07,0.000e+00,6.549e-08,4.249e-07
_1340_,1.25,3.657e-07,0.000e+00,5.912e-08,4.248e-07
_1347_,1.25,3.654e-07,0.000e+00,5.912e-08,4.245e-07
_0937_,1.25,3.651e-07,0.000e+00,5.912e-08,4.243e-07
_1427_,1.25,3.650e-07,0.000e+00,5.912e-08,4.241e-07
_1346_,1.25,3.642e-07,0.000e+00,5.912e-08,4.233e-07
_1345_,1.25,3.642e-07,0.000e+00,5.912e-08,4.233e-07
_1304_,1.25,3.642e-07,0.000e+00,5.912e-08,4.233e-07
_1305_,1.25,3.642e-07,0.000e+00,5.912e-08,4.233e-07
_1306_,1.25,3.641e-07,0.000e+00,5.912e-08,4.233e-07
_1239_,1.25,3.673e-07,0.000e+00,5.493e-08,4.222e-07
_1235_,1.25,3.673e-07,0.000e+00,5.492e-08,4.222e-07
_1213_,1.25,3.671e-07,0.000e+00,5.492e-08,4.220e-07
_1205_,1.25,3.670e-07,0.000e+00,5.492e-08,4.219e-07
_1502_,1.25,3.627e-07,0.000e+00,5.912e-08,4.218e-07
_1277_,1.25,3.662e-07,0.000e+00,5.492e-08,4.211e-07
_1268_,1.25,3.648e-07,0.000e+00,5.492e-08,4.198e-07
_1282_,1.25,3.648e-07,0.000e+00,5.492e-08,4.197e-07
_1425_,1.25,3.603e-07,0.000e+00,5.912e-08,4.194e-07
_1227_,1.25,3.643e-07,0.000e+00,5.492e-08,4.193e-07
_0896_,1.25,3.831e-07,0.000e+00,3.155e-08,4.146e-07
_0913_,1.25,3.826e-07,0.000e+00,3.155e-08,4.142e-07
_1142_,1.25,3.409e-07,0.000e+00,6.939e-08,4.103e-07
_0953_,1.25,3.052e-07,0.000e+00,1.044e-07,4.096e-07
_1133_,1.25,2.178e-07,0.000e+00,1.819e-07,3.997e-07
_1138_,1.25,3.172e-07,0.000e+00,6.918e-08,3.864e-07
_1075_,1.25,2.528e-13,0.000e+00,3.666e-07,3.666e-07
_1076_,1.25,6.636e-14,0.000e+00,3.666e-07,3.666e-07
_0860_,1.25,2.844e-07,0.000e+00,8.071e-08,3.651e-07
_1065_,1.25,2.413e-09,0.000e+00,3.598e-07,3.622e-07
_1066_,1.25,1.310e-09,0.000e+00,3.598e-07,3.611e-07
_1090_,1.25,5.347e-11,0.000e+00,3.598e-07,3.599e-07
_1128_,1.25,2.842e-07,0.000e+00,6.911e-08,3.533e-07
_1167_,1.25,2.841e-07,0.000e+00,6.911e-08,3.532e-07
_1158_,1.25,2.828e-07,0.000e+00,6.911e-08,3.519e-07
_1103_,1.25,2.828e-07,0.000e+00,6.911e-08,3.519e-07
_1087_,1.25,2.824e-07,0.000e+00,6.911e-08,3.515e-07
_1119_,1.25,2.821e-07,0.000e+00,6.911e-08,3.512e-07
_1095_,1.25,2.820e-07,0.000e+00,6.911e-08,3.511e-07
_1163_,1.25,2.816e-07,0.000e+00,6.911e-08,3.507e-07
_0816_,1.25,2.783e-07,0.000e+00,7.125e-08,3.496e-07
_0939_,1.25,2.729e-07,0.000e+00,7.125e-08,3.441e-07
_0855_,1.25,2.867e-07,0.000e+00,5.136e-08,3.380e-07
_1143_,1.25,2.811e-07,0.000e+00,5.488e-08,3.360e-07
_1064_,1.25,4.450e-09,0.000e+00,3.257e-07,3.302e-07
_0934_,1.25,2.779e-07,0.000e+00,5.162e-08,3.295e-07
_0863_,1.25,2.463e-07,0.000e+00,6.988e-08,3.162e-07
_1187_,1.25,1.580e-08,0.000e+00,3.001e-07,3.159e-07
_1062_,1.25,1.566e-08,0.000e+00,3.001e-07,3.158e-07
_0891_,1.25,2.804e-07,0.000e+00,3.520e-08,3.156e-07
_0788_,1.25,2.333e-07,0.000e+00,8.137e-08,3.146e-07
_1141_,1.25,2.608e-07,0.000e+00,5.311e-08,3.139e-07
_1170_,1.25,2.744e-07,0.000e+00,3.519e-08,3.096e-07
_0920_,1.25,2.221e-07,0.000e+00,7.979e-08,3.019e-07
_0848_,1.25,2.316e-07,0.000e+00,6.988e-08,3.014e-07
_1089_,1.25,1.018e-10,0.000e+00,3.001e-07,3.002e-07
_1074_,1.25,5.566e-13,0.000e+00,3.001e-07,3.001e-07
_1198_,1.25,5.556e-13,0.000e+00,3.001e-07,3.001e-07
_0818_,1.25,2.295e-07,0.000e+00,6.988e-08,2.994e-07
_1137_,1.25,2.411e-07,0.000e+00,5.178e-08,2.929e-07
_1071_,1.25,7.997e-12,0.000e+00,2.921e-07,2.921e-07
_1401_,1.25,2.314e-07,0.000e+00,5.301e-08,2.844e-07
_1214_,1.25,2.303e-07,0.000e+00,5.301e-08,2.833e-07
_0956_,1.25,1.824e-07,0.000e+00,9.808e-08,2.804e-07
_0867_,1.25,2.082e-07,0.000e+00,6.110e-08,2.694e-07
_1184_,1.25,8.905e-08,0.000e+00,1.799e-07,2.690e-07
_0795_,1.25,1.930e-07,0.000e+00,7.278e-08,2.658e-07
_0928_,1.25,1.915e-07,0.000e+00,7.278e-08,2.643e-07
_1019_,1.25,2.055e-07,0.000e+00,5.486e-08,2.604e-07
_1088_,1.25,1.874e-07,0.000e+00,7.278e-08,2.602e-07
_1189_,1.25,1.855e-07,0.000e+00,7.278e-08,2.583e-07
_1301_,1.25,2.019e-07,0.000e+00,5.611e-08,2.580e-07
_1296_,1.25,2.070e-07,0.000e+00,4.929e-08,2.563e-07
_0829_,1.25,1.833e-07,0.000e+00,7.278e-08,2.561e-07
_0935_,1.25,1.823e-07,0.000e+00,7.278e-08,2.551e-07
_1479_,1.25,1.949e-07,0.000e+00,5.301e-08,2.479e-07
_1458_,1.25,1.898e-07,0.000e+00,5.301e-08,2.428e-07
_1298_,1.25,1.911e-07,0.000e+00,5.105e-08,2.422e-07
_0859_,1.25,1.891e-07,0.000e+00,4.787e-08,2.370e-07
_0872_,1.25,1.818e-07,0.000e+00,5.301e-08,2.348e-07
_1375_,1.25,1.803e-07,0.000e+00,5.301e-08,2.334e-07
_0965_,1.25,1.526e-07,0.000e+00,7.496e-08,2.275e-07
_1437_,1.25,1.722e-07,0.000e+00,5.301e-08,2.252e-07
_1024_,1.25,1.501e-07,0.000e+00,7.496e-08,2.250e-07
_1500_,1.25,1.706e-07,0.000e+00,5.301e-08,2.236e-07
_1008_,1.25,1.474e-07,0.000e+00,7.496e-08,2.223e-07
_0862_,1.25,1.689e-07,0.000e+00,4.994e-08,2.189e-07
_1349_,1.25,1.654e-07,0.000e+00,5.301e-08,2.184e-07
_1003_,1.25,1.433e-07,0.000e+00,7.484e-08,2.181e-07
_1431_,1.25,1.629e-07,0.000e+00,5.301e-08,2.159e-07
_1396_,1.25,1.622e-07,0.000e+00,5.301e-08,2.152e-07
_1182_,1.25,1.332e-07,0.000e+00,8.129e-08,2.145e-07
_1341_,1.25,1.613e-07,0.000e+00,5.301e-08,2.143e-07
_1483_,1.25,1.604e-07,0.000e+00,5.301e-08,2.134e-07
_1001_,1.25,1.590e-07,0.000e+00,5.301e-08,2.120e-07
_1455_,1.25,1.576e-07,0.000e+00,5.301e-08,2.106e-07
_1454_,1.25,1.563e-07,0.000e+00,5.301e-08,2.093e-07
_0922_,1.25,1.519e-07,0.000e+00,5.301e-08,2.049e-07
_0826_,1.25,1.509e-07,0.000e+00,5.301e-08,2.039e-07
_0989_,1.25,1.504e-07,0.000e+00,5.301e-08,2.034e-07
_0944_,1.25,1.471e-07,0.000e+00,5.301e-08,2.001e-07
_0799_,1.25,1.469e-07,0.000e+00,5.301e-08,1.999e-07
_0969_,1.25,1.457e-07,0.000e+00,5.301e-08,1.987e-07
_0804_,1.25,1.453e-07,0.000e+00,5.301e-08,1.983e-07
_0987_,1.25,1.453e-07,0.000e+00,5.301e-08,1.983e-07
_1398_,1.25,1.446e-07,0.000e+00,5.301e-08,1.976e-07
_1372_,1.25,1.440e-07,0.000e+00,5.301e-08,1.970e-07
_0926_,1.25,1.440e-07,0.000e+00,5.301e-08,1.970e-07
_0793_,1.25,1.421e-07,0.000e+00,5.301e-08,1.951e-07
_0932_,1.25,1.421e-07,0.000e+00,5.301e-08,1.951e-07
_0936_,1.25,1.421e-07,0.000e+00,5.301e-08,1.951e-07
_0857_,1.25,1.421e-07,0.000e+00,5.301e-08,1.951e-07
_0929_,1.25,1.421e-07,0.000e+00,5.301e-08,1.951e-07
_1511_,1.25,1.390e-07,0.000e+00,5.301e-08,1.920e-07
_0828_,1.25,1.390e-07,0.000e+00,5.301e-08,1.920e-07
_0921_,1.25,1.386e-07,0.000e+00,5.301e-08,1.916e-07
_0898_,1.25,1.384e-07,0.000e+00,5.301e-08,1.914e-07
_0942_,1.25,1.384e-07,0.000e+00,5.301e-08,1.914e-07
_0838_,1.25,1.376e-07,0.000e+00,5.301e-08,1.906e-07
_0902_,1.25,1.372e-07,0.000e+00,5.301e-08,1.902e-07
_0890_,1.25,1.372e-07,0.000e+00,5.301e-08,1.902e-07
_0801_,1.25,1.363e-07,0.000e+00,5.301e-08,1.893e-07
_0899_,1.25,1.360e-07,0.000e+00,5.301e-08,1.890e-07
_1098_,1.25,1.359e-07,0.000e+00,5.301e-08,1.889e-07
_1068_,1.25,1.353e-07,0.000e+00,5.301e-08,1.883e-07
_0893_,1.25,1.353e-07,0.000e+00,5.301e-08,1.883e-07
_0907_,1.25,1.353e-07,0.000e+00,5.301e-08,1.883e-07
_1380_,1.25,1.353e-07,0.000e+00,5.301e-08,1.883e-07
_0980_,1.25,1.353e-07,0.000e+00,5.301e-08,1.883e-07
_0916_,1.25,1.345e-07,0.000e+00,5.301e-08,1.875e-07
_0906_,1.25,1.335e-07,0.000e+00,5.301e-08,1.865e-07
_0901_,1.25,1.335e-07,0.000e+00,5.301e-08,1.865e-07
_1244_,1.25,1.328e-07,0.000e+00,5.301e-08,1.858e-07
_0802_,1.25,1.328e-07,0.000e+00,5.301e-08,1.858e-07
_0895_,1.25,1.328e-07,0.000e+00,5.301e-08,1.858e-07
_0988_,1.25,7.489e-08,0.000e+00,1.106e-07,1.854e-07
_1307_,1.25,1.321e-07,0.000e+00,5.301e-08,1.851e-07
_0910_,1.25,1.316e-07,0.000e+00,5.301e-08,1.846e-07
_0894_,1.25,1.316e-07,0.000e+00,5.301e-08,1.846e-07
_0874_,1.25,1.314e-07,0.000e+00,5.301e-08,1.844e-07
_0911_,1.25,1.293e-07,0.000e+00,5.301e-08,1.823e-07
_0938_,1.25,1.293e-07,0.000e+00,5.301e-08,1.823e-07
_0798_,1.25,1.289e-07,0.000e+00,5.301e-08,1.819e-07
_0912_,1.25,1.275e-07,0.000e+00,5.301e-08,1.806e-07
_0905_,1.25,1.275e-07,0.000e+00,5.301e-08,1.806e-07
_1433_,1.25,1.273e-07,0.000e+00,5.301e-08,1.803e-07
_0908_,1.25,1.271e-07,0.000e+00,5.301e-08,1.801e-07
_1337_,1.25,1.271e-07,0.000e+00,5.301e-08,1.801e-07
_1171_,1.25,1.246e-07,0.000e+00,5.301e-08,1.776e-07
_0957_,1.25,1.243e-07,0.000e+00,5.301e-08,1.773e-07
_0947_,1.25,1.241e-07,0.000e+00,5.301e-08,1.771e-07
_0949_,1.25,1.241e-07,0.000e+00,5.301e-08,1.771e-07
_1293_,1.25,1.241e-07,0.000e+00,5.301e-08,1.771e-07
_1289_,1.25,1.241e-07,0.000e+00,5.301e-08,1.771e-07
_0808_,1.25,1.228e-07,0.000e+00,5.301e-08,1.758e-07
_1206_,1.25,3.141e-10,0.000e+00,1.740e-07,1.743e-07
_1183_,1.25,7.942e-08,0.000e+00,8.968e-08,1.691e-07
_0810_,1.25,1.228e-07,0.000e+00,4.558e-08,1.684e-07
_0931_,1.25,8.671e-08,0.000e+00,7.996e-08,1.667e-07
_1049_,1.25,8.215e-08,0.000e+00,7.441e-08,1.566e-07
_1194_,1.25,7.648e-08,0.000e+00,7.774e-08,1.542e-07
_0889_,1.25,1.250e-07,0.000e+00,2.900e-08,1.540e-07
_1043_,1.25,5.856e-10,0.000e+00,1.506e-07,1.511e-07
_0961_,1.25,3.112e-19,0.000e+00,1.482e-07,1.482e-07
_1195_,1.25,4.034e-12,0.000e+00,1.461e-07,1.461e-07
_0807_,1.25,2.509e-15,0.000e+00,1.458e-07,1.458e-07
_0897_,1.25,4.417e-10,0.000e+00,1.439e-07,1.444e-07
_1084_,1.25,9.614e-15,0.000e+00,1.442e-07,1.442e-07
_0877_,1.25,1.021e-07,0.000e+00,4.163e-08,1.437e-07
_1070_,1.25,4.427e-08,0.000e+00,9.532e-08,1.396e-07
_0946_,1.25,9.614e-08,0.000e+00,4.186e-08,1.380e-07
_0856_,1.25,9.608e-08,0.000e+00,4.186e-08,1.379e-07
_0925_,1.25,9.401e-08,0.000e+00,4.044e-08,1.344e-07
_0819_,1.25,9.213e-08,0.000e+00,4.186e-08,1.340e-07
_0789_,1.25,4.368e-08,0.000e+00,8.730e-08,1.310e-07
_0941_,1.25,9.852e-22,0.000e+00,1.174e-07,1.174e-07
_0914_,1.25,5.360e-11,0.000e+00,1.168e-07,1.168e-07
_0996_,1.25,9.134e-10,0.000e+00,1.125e-07,1.134e-07
_0982_,1.25,9.150e-08,0.000e+00,1.453e-08,1.060e-07
_1031_,1.25,2.421e-08,0.000e+00,7.190e-08,9.611e-08
_1123_,1.25,1.402e-08,0.000e+00,8.126e-08,9.528e-08
_1246_,1.25,1.401e-08,0.000e+00,8.126e-08,9.527e-08
_1248_,1.25,1.285e-08,0.000e+00,8.231e-08,9.516e-08
_1127_,1.25,1.278e-08,0.000e+00,8.231e-08,9.509e-08
_1232_,1.25,5.837e-10,0.000e+00,9.136e-08,9.195e-08
_1228_,1.25,2.255e-09,0.000e+00,8.968e-08,9.194e-08
_1118_,1.25,2.238e-09,0.000e+00,8.968e-08,9.192e-08
_1102_,1.25,8.676e-11,0.000e+00,9.136e-08,9.145e-08
_1210_,1.25,1.278e-11,0.000e+00,9.136e-08,9.137e-08
_1199_,1.25,6.790e-14,0.000e+00,9.136e-08,9.136e-08
_1202_,1.25,1.778e-14,0.000e+00,9.136e-08,9.136e-08
_1229_,1.25,1.240e-09,0.000e+00,8.968e-08,9.092e-08
_1230_,1.25,6.552e-10,0.000e+00,8.968e-08,9.034e-08
_1096_,1.25,1.879e-10,0.000e+00,8.968e-08,8.987e-08
_1225_,1.25,1.849e-10,0.000e+00,8.968e-08,8.987e-08
_1100_,1.25,9.889e-11,0.000e+00,8.968e-08,8.978e-08
_1208_,1.25,1.429e-11,0.000e+00,8.968e-08,8.970e-08
_1091_,1.25,7.402e-12,0.000e+00,8.968e-08,8.969e-08
_1280_,1.25,1.059e-12,0.000e+00,8.968e-08,8.968e-08
_1162_,1.25,1.052e-12,0.000e+00,8.968e-08,8.968e-08
_1147_,1.25,7.686e-14,0.000e+00,8.968e-08,8.968e-08
_1266_,1.25,7.593e-14,0.000e+00,8.968e-08,8.968e-08
_1200_,1.25,2.062e-14,0.000e+00,8.968e-08,8.968e-08
_1086_,1.25,2.053e-14,0.000e+00,8.968e-08,8.968e-08
_1275_,1.25,4.802e-13,0.000e+00,8.231e-08,8.231e-08
_1157_,1.25,4.790e-13,0.000e+00,8.231e-08,8.231e-08
_1219_,1.25,9.819e-11,0.000e+00,8.126e-08,8.136e-08
_0997_,1.25,5.914e-15,0.000e+00,8.055e-08,8.055e-08
_1164_,1.25,1.794e-12,0.000e+00,7.778e-08,7.778e-08
_1115_,1.25,3.077e-09,0.000e+00,7.352e-08,7.660e-08
_1285_,1.25,6.544e-12,0.000e+00,7.556e-08,7.557e-08
_1166_,1.25,1.395e-12,0.000e+00,7.541e-08,7.541e-08
_1190_,1.25,3.482e-10,0.000e+00,7.494e-08,7.529e-08
_1207_,1.25,2.754e-11,0.000e+00,7.494e-08,7.497e-08
_0831_,1.25,5.358e-17,0.000e+00,7.494e-08,7.494e-08
_0806_,1.25,9.072e-10,0.000e+00,7.400e-08,7.491e-08
_1048_,1.25,3.613e-16,0.000e+00,7.476e-08,7.476e-08
_1221_,1.25,8.596e-11,0.000e+00,7.438e-08,7.447e-08
_0999_,1.25,1.834e-16,0.000e+00,7.438e-08,7.438e-08
_1030_,1.25,2.937e-17,0.000e+00,7.432e-08,7.432e-08
_1002_,1.25,2.627e-19,0.000e+00,7.432e-08,7.432e-08
_0841_,1.25,6.180e-18,0.000e+00,7.419e-08,7.419e-08
_1042_,1.25,5.093e-10,0.000e+00,7.344e-08,7.395e-08
_0792_,1.25,9.029e-10,0.000e+00,7.263e-08,7.354e-08
_1121_,1.25,1.010e-13,0.000e+00,7.351e-08,7.351e-08
_1241_,1.25,1.007e-13,0.000e+00,7.351e-08,7.351e-08
_1153_,1.25,9.560e-13,0.000e+00,7.312e-08,7.312e-08
_1272_,1.25,9.491e-13,0.000e+00,7.312e-08,7.312e-08
_0960_,1.25,5.094e-16,0.000e+00,7.301e-08,7.301e-08
_1077_,1.25,1.117e-14,0.000e+00,7.283e-08,7.283e-08
_1044_,1.25,7.238e-16,0.000e+00,7.282e-08,7.282e-08
_1216_,1.25,6.851e-11,0.000e+00,7.263e-08,7.270e-08
_1037_,1.25,5.210e-08,0.000e+00,1.344e-08,6.554e-08
_0904_,1.25,2.548e-08,0.000e+00,3.041e-08,5.589e-08
_1097_,1.25,5.266e-11,0.000e+00,4.754e-08,4.759e-08
_1154_,1.25,1.517e-13,0.000e+00,4.412e-08,4.412e-08
_1273_,1.25,1.517e-13,0.000e+00,4.412e-08,4.412e-08
_1111_,1.25,2.117e-10,0.000e+00,3.815e-08,3.836e-08
_1108_,1.25,1.145e-10,0.000e+00,3.815e-08,3.826e-08
_1131_,1.25,6.816e-11,0.000e+00,3.815e-08,3.821e-08
_1132_,1.25,6.795e-11,0.000e+00,3.815e-08,3.821e-08
_1286_,1.25,1.410e-12,0.000e+00,3.815e-08,3.815e-08
_1083_,1.25,1.983e-15,0.000e+00,3.815e-08,3.815e-08
_0815_,1.25,1.397e-16,0.000e+00,3.815e-08,3.815e-08
_0836_,1.25,1.056e-17,0.000e+00,3.815e-08,3.815e-08
_0846_,1.25,6.887e-19,0.000e+00,3.815e-08,3.815e-08
_1021_,1.25,1.823e-20,0.000e+00,3.815e-08,3.815e-08
_1243_,1.25,7.787e-09,0.000e+00,2.924e-08,3.703e-08
_1217_,1.25,5.246e-11,0.000e+00,2.921e-08,2.926e-08
_1025_,1.25,1.521e-08,0.000e+00,8.175e-09,2.339e-08
_0966_,1.25,1.022e-08,0.000e+00,1.151e-08,2.172e-08
_0978_,1.25,7.130e-21,0.000e+00,1.855e-08,1.855e-08
_0940_,1.25,3.510e-10,0.000e+00,1.571e-08,1.606e-08
_1009_,1.25,8.216e-09,0.000e+00,7.787e-09,1.600e-08
_0962_,1.25,1.039e-21,0.000e+00,1.571e-08,1.571e-08
_1283_,1.25,3.949e-12,0.000e+00,1.556e-08,1.556e-08
_1000_,1.25,9.845e-19,0.000e+00,1.556e-08,1.556e-08
_0991_,1.25,6.206e-10,0.000e+00,1.359e-08,1.421e-08
_1035_,1.25,2.345e-16,0.000e+00,1.394e-08,1.394e-08
_1029_,1.25,1.195e-16,0.000e+00,1.317e-08,1.317e-08
_1023_,1.25,2.843e-18,0.000e+00,1.317e-08,1.317e-08
_0915_,1.25,7.275e-16,0.000e+00,1.003e-08,1.003e-08
